bnumber,gene_name,has_rule,normalized_rule_v1,normalized_rule_v2,tfs_substituted,tfs_still_unresolved,n_substituted
b0009,mog,False,TRUE,TRUE,,,0
b0010,satP,False,TRUE,TRUE,,,0
b0030,rihC,False,TRUE,TRUE,,,0
b0037,caiC,True,(b0034 OR b3357),(b0034 OR b3357),,,0
b0046,kefF,False,TRUE,TRUE,,,0
b0047,kefC,False,TRUE,TRUE,,,0
b0054,lptD,False,TRUE,TRUE,,,0
b0070,setA,True,(SgrR AND NOT Cra),((FALSE) AND NOT (NOT (glc_DASH_D_e > 0))),CraŌåÆ(NOT (glc_DASH_D_e > 0)); SgrRŌåÆ(FALSE),SgrR [R] metabolite-sensing; Cra [P] named-variable,2
b0084,ftsI,True,(NOT MraZ AND NOT b0113),(NOT (TRUE) AND NOT b0113),MraZŌåÆ(TRUE),MraZ [R] metabolite-sensing,1
b0089,ftsW,True,(NOT MraZ AND NOT b0113),(NOT (TRUE) AND NOT b0113),MraZŌåÆ(TRUE),MraZ [R] metabolite-sensing,1
b0103,coaE,False,TRUE,TRUE,,,0
b0110,ampD,True,(NOT b1988),(NOT b1988),,,0
b0123,cueO,True,(CueR),((cu2_e > 0)),CueRŌåÆ(cu2_e > 0),CueR [P] named-variable,1
b0149,mrcB,False,TRUE,TRUE,,,0
b0150,fhuA,False,TRUE,TRUE,,,0
b0151,fhuC,True,(NOT b0683),(NOT b0683),,,0
b0152,fhuD,True,(NOT b0683),(NOT b0683),,,0
b0153,fhuB,True,(NOT b0683),(NOT b0683),,,0
b0155,clcA,False,TRUE,TRUE,,,0
b0211,mltD,False,TRUE,TRUE,,,0
b0237,pepD,True,(NOT b0889),(NOT b0889),,,0
b0241,phoE,True,(b0399),(b0399),,,0
b0260,mmuP,False,TRUE,TRUE,,,0
b0261,mmuM,False,TRUE,TRUE,,,0
b0268,yagE,True,(NOT XynR),(NOT (NOT (xyl_DASH_D_e > 0))),XynRŌåÆ(NOT (xyl_DASH_D_e > 0)),XynR [R] metabolite-sensing,1
b0269,yagF,True,(NOT XynR),(NOT (NOT (xyl_DASH_D_e > 0))),XynRŌåÆ(NOT (xyl_DASH_D_e > 0)),XynR [R] metabolite-sensing,1
b0306,ykgE,True,(NOT b1988),(NOT b1988),,,0
b0307,ykgF,False,TRUE,TRUE,,,0
b0308,ykgG,False,TRUE,TRUE,,,0
b0311,betA,True,(NOT b0313),(NOT b0313),,,0
b0315,yahA,True,(PdeL AND NOT Cra AND NOT b1988),((NOT (BiomassEcoli > 0)) AND NOT (NOT (glc_DASH_D_e > 0)) AND NOT b1988),CraŌåÆ(NOT (glc_DASH_D_e > 0)); PdeLŌåÆ(NOT (BiomassEcoli > 0)),PdeL [R] metabolite-sensing; Cra [P] named-variable,2
b0325,yahK,False,TRUE,TRUE,,,0
b0355,frmB,True,(NOT FrmR),(NOT (NOT (fald_e > 0))),FrmRŌåÆ(NOT (fald_e > 0)),FrmR [R] metabolite-sensing,1
b0376,ampH,False,TRUE,TRUE,,,0
b0383,phoA,True,(b0399),(b0399),,,0
b0394,mak,False,TRUE,TRUE,,,0
b0402,proY,False,TRUE,TRUE,,,0
b0404,acpH,False,TRUE,TRUE,,,0
b0411,tsx,True,((b0683 OR b3357) AND NOT MicA AND NOT b3934),((b0683 OR b3357) AND NOT (Stress) AND NOT b3934),MicAŌåÆ(Stress),MicA [P] proxy-signal,1
b0433,ampG,False,TRUE,TRUE,,,0
b0444,queC,False,TRUE,TRUE,,,0
b0446,cof,False,TRUE,TRUE,,,0
b0452,tesB,False,TRUE,TRUE,,,0
b0459,maa,False,TRUE,TRUE,,,0
b0462,acrB,True,((b1531 OR b4062 OR b4396) AND NOT EnvR AND NOT AcrR),((b1531 OR b4062 OR b4396) AND NOT (NOT Stress) AND NOT (NOT Stress)),AcrRŌåÆ(NOT Stress); EnvRŌåÆ(NOT Stress),EnvR [R] metabolite-sensing; AcrR [R] metabolite-sensing,2
b0463,acrA,True,((b1531 OR b4062 OR b4396) AND NOT EnvR AND NOT AcrR),((b1531 OR b4062 OR b4396) AND NOT (NOT Stress) AND NOT (NOT Stress)),AcrRŌåÆ(NOT Stress); EnvRŌåÆ(NOT Stress),EnvR [R] metabolite-sensing; AcrR [R] metabolite-sensing,2
b0465,mscK,False,TRUE,TRUE,,,0
b0484,copA,True,(CueR),((cu2_e > 0)),CueRŌåÆ(cu2_e > 0),CueR [P] named-variable,1
b0493,ybbO,False,TRUE,TRUE,,,0
b0494,tesA,False,TRUE,TRUE,,,0
b0515,allE,False,TRUE,TRUE,,,0
b0517,allD,False,TRUE,TRUE,,,0
b0524,lpxH,True,(NOT b1988),(NOT b1988),,,0
b0543,emrE,False,TRUE,TRUE,,,0
b0572,cusC,True,(CusR OR HprR OR b0683 OR b0399),((cu2_e > 0) OR (h2o2_e > 0) OR b0683 OR b0399),CusRŌåÆ(cu2_e > 0); HprRŌåÆ(h2o2_e > 0),CusR [P] two-component; HprR [P] two-component,2
b0573,cusF,True,(CusR OR HprR OR b0399),((cu2_e > 0) OR (h2o2_e > 0) OR b0399),CusRŌåÆ(cu2_e > 0); HprRŌåÆ(h2o2_e > 0),CusR [P] two-component; HprR [P] two-component,2
b0574,cusB,True,(CusR OR HprR OR b0399),((cu2_e > 0) OR (h2o2_e > 0) OR b0399),CusRŌåÆ(cu2_e > 0); HprRŌåÆ(h2o2_e > 0),CusR [P] two-component; HprR [P] two-component,2
b0575,cusA,True,(CusR OR HprR OR b0399),((cu2_e > 0) OR (h2o2_e > 0) OR b0399),CusRŌåÆ(cu2_e > 0); HprRŌåÆ(h2o2_e > 0),CusR [P] two-component; HprR [P] two-component,2
b0577,ybdG,False,TRUE,TRUE,,,0
b0578,nfsB,True,(b1531 OR b4062),(b1531 OR b4062),,,0
b0584,fepA,True,(NOT OmrB AND NOT OmrA AND NOT b0683),(NOT (NOT (o2_e > 0)) AND NOT (NOT (o2_e > 0)) AND NOT b0683),OmrAŌåÆ(NOT (o2_e > 0)); OmrBŌåÆ(NOT (o2_e > 0)),OmrB [P] proxy-signal; OmrA [P] proxy-signal,2
b0585,fes,True,(b1334 AND NOT b0683),(b1334 AND NOT b0683),,,0
b0588,fepC,True,(NOT b0683),(NOT b0683),,,0
b0589,fepG,True,(NOT b0683),(NOT b0683),,,0
b0590,fepD,True,(NOT b0683),(NOT b0683),,,0
b0591,entS,True,(b0683),(b0683),,,0
b0592,fepB,True,(NOT RutR AND NOT b0683),(NOT (NOT (ura_e > 0 OR thy_e>0)) AND NOT b0683),RutRŌåÆ(NOT (ura_e > 0 OR thy_e>0)),RutR [R] metabolite-sensing,1
b0597,entH,False,TRUE,TRUE,,,0
b0604,dsbG,True,(b1988 OR b3961),(b1988 OR b3961),,,0
b0605,ahpC,True,(b1988 OR b3961),(b1988 OR b3961),,,0
b0606,ahpF,True,(b3961),(b3961),,,0
b0613,citG,True,(b0620),(b0620),,,0
b0614,citX,True,(b0620),(b0620),,,0
b0622,pagP,False,TRUE,TRUE,,,0
b0624,flc,False,TRUE,TRUE,,,0
b0628,lipA,False,TRUE,TRUE,,,0
b0630,lipB,False,TRUE,TRUE,,,0
b0632,dacA,False,TRUE,TRUE,,,0
b0635,mrdA,True,(NOT GlaR),(NOT (NOT (glcr_e > 0))),GlaRŌåÆ(NOT (glcr_e > 0)),GlaR [R] metabolite-sensing,1
b0641,lptE,False,TRUE,TRUE,,,0
b0650,hscC,False,TRUE,TRUE,,,0
b0651,rihA,True,(b3357),(b3357),,,0
b0657,lnt,False,TRUE,TRUE,,,0
b0675,umpH,True,(b3357 AND NOT b0676),(b3357 AND NOT b0676),,,0
b0681,chiP,True,(NOT ChiX AND NOT b0676),(NOT (NOT (acgam_e > 0)) AND NOT b0676),ChiXŌåÆ(NOT (acgam_e > 0)),ChiX [P] proxy-signal,1
b0684,fldA,True,(b4062),(b4062),,,0
b0709,dtpD,False,TRUE,TRUE,,,0
b0731,mngA,True,(NOT MngR),(NOT (NOT (man6p_e > 0))),MngRŌåÆ(NOT (man6p_e > 0)),MngR [R] metabolite-sensing,1
b0732,mngB,True,(NOT MngR),(NOT (NOT (man6p_e > 0))),MngRŌåÆ(NOT (man6p_e > 0)),MngR [R] metabolite-sensing,1
b0752,zitB,False,TRUE,TRUE,,,0
b0756,galM,True,((b2837 OR b3357 OR b2151) AND NOT H-NS AND NOT HU),((b2837 OR b3357 OR b2151) AND NOT H-TRUE AND NOT (TRUE)),HUŌåÆ(TRUE),H-NS [P] proxy-signal; HU [P] proxy-signal,1
b0763,modA,True,(NOT ModE),(NOT (TRUE)),ModEŌåÆ(TRUE),ModE [R] metabolite-sensing,1
b0764,modB,True,(NOT ModE),(NOT (TRUE)),ModEŌåÆ(TRUE),ModE [R] metabolite-sensing,1
b0765,modC,True,(NOT ModE),(NOT (TRUE)),ModEŌåÆ(TRUE),ModE [R] metabolite-sensing,1
b0766,ybhA,False,TRUE,TRUE,,,0
b0767,pgl,False,TRUE,TRUE,,,0
b0777,bioC,True,(NOT b3973),(NOT b3973),,,0
b0781,moaA,True,((CsrA OR b1334 OR ModE) AND NOT b0683),((CsrA OR b1334 OR (TRUE)) AND NOT b0683),ModEŌåÆ(TRUE),CsrA [P] proxy-signal; ModE [R] metabolite-sensing,1
b0783,moaC,True,(CsrA OR b1334 OR ModE),(CsrA OR b1334 OR (TRUE)),ModEŌåÆ(TRUE),CsrA [P] proxy-signal; ModE [R] metabolite-sensing,1
b0784,moaD,True,(CsrA OR b1334 OR ModE),(CsrA OR b1334 OR (TRUE)),ModEŌåÆ(TRUE),CsrA [P] proxy-signal; ModE [R] metabolite-sensing,1
b0785,moaE,True,(CsrA OR b1334 OR ModE),(CsrA OR b1334 OR (TRUE)),ModEŌåÆ(TRUE),CsrA [P] proxy-signal; ModE [R] metabolite-sensing,1
b0789,clsB,False,TRUE,TRUE,,,0
b0805,fiu,True,(NOT RybB AND NOT b0683),(NOT (Stress) AND NOT b0683),RybBŌåÆ(Stress),RybB [P] proxy-signal,1
b0808,ybiO,False,TRUE,TRUE,,,0
b0813,rhtA,True,(b3405 AND NOT b1988),(b3405 AND NOT b1988),,,0
b0819,ldtB,False,TRUE,TRUE,,,0
b0822,ybiV,False,TRUE,TRUE,,,0
b0826,moeB,True,(b4401 AND NOT b1334),(b4401 AND NOT b1334),,,0
b0827,moeA,True,((b1988 OR b4401) AND NOT b1334),((b1988 OR b4401) AND NOT b1334),,,0
b0829,gsiA,False,TRUE,TRUE,,,0
b0830,gsiB,False,TRUE,TRUE,,,0
b0831,gsiC,False,TRUE,TRUE,,,0
b0832,gsiD,False,TRUE,TRUE,,,0
b0837,yliI,False,TRUE,TRUE,,,0
b0839,dacC,True,(NOT b3237),(NOT b3237),,,0
b0841,ybjG,False,TRUE,TRUE,,,0
b0842,mdfA,False,TRUE,TRUE,,,0
b0844,ybjI,True,(NOT RcdA),(NOT (NOT (BiomassEcoli > 0))),RcdAŌåÆ(NOT (BiomassEcoli > 0)),RcdA [R] metabolite-sensing,1
b0849,grxA,True,(b3961),(b3961),,,0
b0863,artI,True,(NOT b3237),(NOT b3237),,,0
b0867,amiD,False,TRUE,TRUE,,,0
b0874,ybjE,True,(NOT b3237),(NOT b3237),,,0
b0875,aqpZ,False,TRUE,TRUE,,,0
b0886,cydC,True,(b4401),(b4401),,,0
b0887,cydD,True,(b4401),(b4401),,,0
b0905,ycaO,False,TRUE,TRUE,,,0
b0914,msbA,False,TRUE,TRUE,,,0
b0925,ldtD,True,(b3912),(b3912),,,0
b0929,ompF,True,(b3405 AND NOT RybB AND NOT b3912),(b3405 AND NOT (Stress) AND NOT b3912),RybBŌåÆ(Stress),RybB [P] proxy-signal,1
b0932,pepN,True,(NOT b4401),(NOT b4401),,,0
b0933,ssuB,True,((b1987 OR IHF) AND NOT b1275),((b1987 OR (BiomassEcoli > 0)) AND NOT b1275),IHFŌåÆ(BiomassEcoli > 0),IHF [P] proxy-signal,1
b0934,ssuC,True,((b1987 OR IHF) AND NOT b1275),((b1987 OR (BiomassEcoli > 0)) AND NOT b1275),IHFŌåÆ(BiomassEcoli > 0),IHF [P] proxy-signal,1
b0935,ssuD,True,((b1987 OR IHF) AND NOT b1275),((b1987 OR (BiomassEcoli > 0)) AND NOT b1275),IHFŌåÆ(BiomassEcoli > 0),IHF [P] proxy-signal,1
b0936,ssuA,True,((b1987 OR IHF) AND NOT b1275),((b1987 OR (BiomassEcoli > 0)) AND NOT b1275),IHFŌåÆ(BiomassEcoli > 0),IHF [P] proxy-signal,1
b0937,ssuE,True,((b1987 OR IHF) AND NOT b1275 AND NOT b1988),((b1987 OR (BiomassEcoli > 0)) AND NOT b1275 AND NOT b1988),IHFŌåÆ(BiomassEcoli > 0),IHF [P] proxy-signal,1
b0957,ompA,True,(NOT MicA AND NOT b1988),(NOT (Stress) AND NOT b1988),MicAŌåÆ(Stress),MicA [P] proxy-signal,1
b0968,yccX,False,TRUE,TRUE,,,0
b0978,cbdA,True,(YdeO),((Stress)),YdeOŌåÆ(Stress),YdeO [R] metabolite-sensing,1
b0979,cbdB,True,(YdeO),((Stress)),YdeOŌåÆ(Stress),YdeO [R] metabolite-sensing,1
b0980,appA,True,(YdeO),((Stress)),YdeOŌåÆ(Stress),YdeO [R] metabolite-sensing,1
b1004,wrbA,True,(b1988 OR CsgD),(b1988 OR (NOT (BiomassEcoli > 0))),CsgDŌåÆ(NOT (BiomassEcoli > 0)),CsgD [R] metabolite-sensing,1
b1007,rutF,True,((b3870 OR b4401) AND NOT RutR),((b3870 OR b4401) AND NOT (NOT (ura_e > 0 OR thy_e>0))),RutRŌåÆ(NOT (ura_e > 0 OR thy_e>0)),RutR [R] metabolite-sensing,1
b1008,rutE,True,((b3870 OR b4401) AND NOT RutR),((b3870 OR b4401) AND NOT (NOT (ura_e > 0 OR thy_e>0))),RutRŌåÆ(NOT (ura_e > 0 OR thy_e>0)),RutR [R] metabolite-sensing,1
b1009,rutD,True,((b3870 OR b4401) AND NOT RutR),((b3870 OR b4401) AND NOT (NOT (ura_e > 0 OR thy_e>0))),RutRŌåÆ(NOT (ura_e > 0 OR thy_e>0)),RutR [R] metabolite-sensing,1
b1010,rutC,True,((b3870 OR b4401) AND NOT RutR),((b3870 OR b4401) AND NOT (NOT (ura_e > 0 OR thy_e>0))),RutRŌåÆ(NOT (ura_e > 0 OR thy_e>0)),RutR [R] metabolite-sensing,1
b1011,rutB,True,((b3870 OR b1988 OR b4401) AND NOT RutR),((b3870 OR b1988 OR b4401) AND NOT (NOT (ura_e > 0 OR thy_e>0))),RutRŌåÆ(NOT (ura_e > 0 OR thy_e>0)),RutR [R] metabolite-sensing,1
b1012,rutA,True,((b3870 OR b4401) AND NOT RutR),((b3870 OR b4401) AND NOT (NOT (ura_e > 0 OR thy_e>0))),RutRŌåÆ(NOT (ura_e > 0 OR thy_e>0)),RutR [R] metabolite-sensing,1
b1019,efeB,True,(NOT b0683),(NOT b0683),,,0
b1021,pgaD,True,(b0020 AND NOT carbon storage regulator CsrA AND NOT b3405),(b0020 AND FALSE AND NOT b3405),,carbon [P] named-variable; storage [P] named-variable; regulator [P] named-variable; CsrA [P] proxy-signal,0
b1022,pgaC,True,(b0020 AND NOT carbon storage regulator CsrA AND NOT b3405),(b0020 AND FALSE AND NOT b3405),,carbon [P] named-variable; storage [P] named-variable; regulator [P] named-variable; CsrA [P] proxy-signal,0
b1025,ycdT,True,(NOT carbon storage regulator CsrA AND NOT b1988),(FALSE AND NOT b1988),,carbon [P] named-variable; storage [P] named-variable; regulator [P] named-variable; CsrA [P] proxy-signal,0
b1059,solA,False,TRUE,TRUE,,,0
b1064,grxB,False,TRUE,TRUE,,,0
b1069,murJ,False,TRUE,TRUE,,,0
b1090,plsX,False,TRUE,TRUE,,,0
b1094,acpP,True,(b4401 OR b0113),(b4401 OR b0113),,,0
b1097,yceG,False,TRUE,TRUE,,,0
b1102,fhuE,True,(NOT GlaR AND NOT b0683),(NOT (NOT (glcr_e > 0)) AND NOT b0683),GlaRŌåÆ(NOT (glcr_e > 0)),GlaR [R] metabolite-sensing,1
b1103,hinT,True,(GlaR),((NOT (glcr_e > 0))),GlaRŌåÆ(NOT (glcr_e > 0)),GlaR [R] metabolite-sensing,1
b1106,thiK,False,TRUE,TRUE,,,0
b1107,nagZ,False,TRUE,TRUE,,,0
b1113,ldtC,True,(b3912),(b3912),,,0
b1119,nagK,False,TRUE,TRUE,,,0
b1134,nudJ,False,TRUE,TRUE,,,0
b1185,dsbB,True,(b4401),(b4401),,,0
b1192,ldcA,False,TRUE,TRUE,,,0
b1193,emtA,False,TRUE,TRUE,,,0
b1206,dauA,False,TRUE,TRUE,,,0
b1243,oppA,True,((b1988 OR b4401) AND NOT b0889 AND NOT b0683),((b1988 OR b4401) AND NOT b0889 AND NOT b0683),,,0
b1244,oppB,True,(NOT b0889 AND NOT b0683),(NOT b0889 AND NOT b0683),,,0
b1245,oppC,True,(NOT b1988 AND NOT b0889 AND NOT b0683),(NOT b1988 AND NOT b0889 AND NOT b0683),,,0
b1246,oppD,True,(NOT b0889 AND NOT b0683),(NOT b0889 AND NOT b0683),,,0
b1247,oppF,True,(b0683 AND NOT b0889),(b0683 AND NOT b0889),,,0
b1250,kch,False,TRUE,TRUE,,,0
b1252,tonB,True,(b0683),(b0683),,,0
b1285,gmr,True,(NOT FliZ),(NOT (BiomassEcoli > 0)),FliZŌåÆ(BiomassEcoli > 0),FliZ [P] named-variable,1
b1291,sapD,False,TRUE,TRUE,,,0
b1296,puuP,True,(NOT PuuR),(NOT (NOT (gam_e > 0))),PuuRŌåÆ(NOT (gam_e > 0)),PuuR [R] metabolite-sensing,1
b1298,puuD,True,(NOT PuuR AND NOT b4401),(NOT (NOT (gam_e > 0)) AND NOT b4401),PuuRŌåÆ(NOT (gam_e > 0)),PuuR [R] metabolite-sensing,1
b1301,puuB,True,(b3237 AND NOT PuuR),(b3237 AND NOT (NOT (gam_e > 0))),PuuRŌåÆ(NOT (gam_e > 0)),PuuR [R] metabolite-sensing,1
b1308,pspE,True,(PspF OR IHF),((Stress) OR (BiomassEcoli > 0)),PspFŌåÆ(Stress); IHFŌåÆ(BiomassEcoli > 0),PspF [P] two-component; IHF [P] proxy-signal,2
b1317,ycjU,True,(NOT YcjW),(NOT (TRUE)),YcjWŌåÆ(TRUE),YcjW [R] metabolite-sensing,1
b1319,ompG,True,(NOT YcjW),(NOT (TRUE)),YcjWŌåÆ(TRUE),YcjW [R] metabolite-sensing,1
b1325,ycjG,True,(NOT PgrR),(NOT (NOT (gam_e > 0))),PgrRŌåÆ(NOT (gam_e > 0)),PgrR [R] metabolite-sensing,1
b1326,mpaA,True,(NOT PgrR),(NOT (NOT (gam_e > 0))),PgrRŌåÆ(NOT (gam_e > 0)),PgrR [R] metabolite-sensing,1
b1329,mppA,True,(NOT PgrR),(NOT (NOT (gam_e > 0))),PgrRŌåÆ(NOT (gam_e > 0)),PgrR [R] metabolite-sensing,1
b1330,ynaI,False,TRUE,TRUE,,,0
b1336,abgT,False,TRUE,TRUE,,,0
b1337,abgB,False,TRUE,TRUE,,,0
b1338,abgA,True,(NOT b1988),(NOT b1988),,,0
b1341,ydaM,True,(NOT RprA AND NOT OmrB AND NOT OmrA),(NOT (Stress) AND NOT (NOT (o2_e > 0)) AND NOT (NOT (o2_e > 0))),RprAŌåÆ(Stress); OmrAŌåÆ(NOT (o2_e > 0)); OmrBŌåÆ(NOT (o2_e > 0)),RprA [P] proxy-signal; OmrB [P] proxy-signal; OmrA [P] proxy-signal,3
b1377,ompN,True,(b4062 AND NOT b1988),(b4062 AND NOT b1988),,,0
b1378,pfo,True,(b4062),(b4062),,,0
b1387,paaZ,True,((SrsR OR b3357 OR IHF) AND NOT PaaX),(((Stress) OR b3357 OR (BiomassEcoli > 0)) AND NOT (phenac_e > 0)),PaaXŌåÆ(phenac_e > 0); SrsRŌåÆ(Stress); IHFŌåÆ(BiomassEcoli > 0),SrsR [R] metabolite-sensing; IHF [P] proxy-signal; PaaX [R] metabolite-sensing,3
b1388,paaA,True,((SrsR OR b3357 OR IHF OR SlyA) AND NOT PaaX),(((Stress) OR b3357 OR (BiomassEcoli > 0) OR (Stress)) AND NOT (phenac_e > 0)),PaaXŌåÆ(phenac_e > 0); SlyAŌåÆ(Stress); SrsRŌåÆ(Stress); IHFŌåÆ(BiomassEcoli > 0),SrsR [R] metabolite-sensing; IHF [P] proxy-signal; SlyA [R] metabolite-sensing; PaaX [R] metabolite-sensing,4
b1389,paaB,True,((SrsR OR b3357 OR IHF OR SlyA) AND NOT PaaX),(((Stress) OR b3357 OR (BiomassEcoli > 0) OR (Stress)) AND NOT (phenac_e > 0)),PaaXŌåÆ(phenac_e > 0); SlyAŌåÆ(Stress); SrsRŌåÆ(Stress); IHFŌåÆ(BiomassEcoli > 0),SrsR [R] metabolite-sensing; IHF [P] proxy-signal; SlyA [R] metabolite-sensing; PaaX [R] metabolite-sensing,4
b1390,paaC,True,((SrsR OR b3357 OR IHF OR SlyA) AND NOT PaaX),(((Stress) OR b3357 OR (BiomassEcoli > 0) OR (Stress)) AND NOT (phenac_e > 0)),PaaXŌåÆ(phenac_e > 0); SlyAŌåÆ(Stress); SrsRŌåÆ(Stress); IHFŌåÆ(BiomassEcoli > 0),SrsR [R] metabolite-sensing; IHF [P] proxy-signal; SlyA [R] metabolite-sensing; PaaX [R] metabolite-sensing,4
b1391,paaD,True,((SrsR OR b3357 OR IHF OR SlyA) AND NOT PaaX),(((Stress) OR b3357 OR (BiomassEcoli > 0) OR (Stress)) AND NOT (phenac_e > 0)),PaaXŌåÆ(phenac_e > 0); SlyAŌåÆ(Stress); SrsRŌåÆ(Stress); IHFŌåÆ(BiomassEcoli > 0),SrsR [R] metabolite-sensing; IHF [P] proxy-signal; SlyA [R] metabolite-sensing; PaaX [R] metabolite-sensing,4
b1392,paaE,True,((SrsR OR b3357 OR IHF OR SlyA) AND NOT PaaX),(((Stress) OR b3357 OR (BiomassEcoli > 0) OR (Stress)) AND NOT (phenac_e > 0)),PaaXŌåÆ(phenac_e > 0); SlyAŌåÆ(Stress); SrsRŌåÆ(Stress); IHFŌåÆ(BiomassEcoli > 0),SrsR [R] metabolite-sensing; IHF [P] proxy-signal; SlyA [R] metabolite-sensing; PaaX [R] metabolite-sensing,4
b1393,paaF,True,((SrsR OR b3357 OR IHF OR SlyA) AND NOT PaaX),(((Stress) OR b3357 OR (BiomassEcoli > 0) OR (Stress)) AND NOT (phenac_e > 0)),PaaXŌåÆ(phenac_e > 0); SlyAŌåÆ(Stress); SrsRŌåÆ(Stress); IHFŌåÆ(BiomassEcoli > 0),SrsR [R] metabolite-sensing; IHF [P] proxy-signal; SlyA [R] metabolite-sensing; PaaX [R] metabolite-sensing,4
b1394,paaG,True,((SrsR OR b3357 OR IHF OR SlyA) AND NOT PaaX),(((Stress) OR b3357 OR (BiomassEcoli > 0) OR (Stress)) AND NOT (phenac_e > 0)),PaaXŌåÆ(phenac_e > 0); SlyAŌåÆ(Stress); SrsRŌåÆ(Stress); IHFŌåÆ(BiomassEcoli > 0),SrsR [R] metabolite-sensing; IHF [P] proxy-signal; SlyA [R] metabolite-sensing; PaaX [R] metabolite-sensing,4
b1395,paaH,True,((SrsR OR b3357 OR IHF OR SlyA) AND NOT PaaX),(((Stress) OR b3357 OR (BiomassEcoli > 0) OR (Stress)) AND NOT (phenac_e > 0)),PaaXŌåÆ(phenac_e > 0); SlyAŌåÆ(Stress); SrsRŌåÆ(Stress); IHFŌåÆ(BiomassEcoli > 0),SrsR [R] metabolite-sensing; IHF [P] proxy-signal; SlyA [R] metabolite-sensing; PaaX [R] metabolite-sensing,4
b1396,paaI,True,((SrsR OR b3357 OR IHF OR SlyA) AND NOT PaaX),(((Stress) OR b3357 OR (BiomassEcoli > 0) OR (Stress)) AND NOT (phenac_e > 0)),PaaXŌåÆ(phenac_e > 0); SlyAŌåÆ(Stress); SrsRŌåÆ(Stress); IHFŌåÆ(BiomassEcoli > 0),SrsR [R] metabolite-sensing; IHF [P] proxy-signal; SlyA [R] metabolite-sensing; PaaX [R] metabolite-sensing,4
b1397,paaJ,True,((SrsR OR b3357 OR IHF OR SlyA) AND NOT PaaX),(((Stress) OR b3357 OR (BiomassEcoli > 0) OR (Stress)) AND NOT (phenac_e > 0)),PaaXŌåÆ(phenac_e > 0); SlyAŌåÆ(Stress); SrsRŌåÆ(Stress); IHFŌåÆ(BiomassEcoli > 0),SrsR [R] metabolite-sensing; IHF [P] proxy-signal; SlyA [R] metabolite-sensing; PaaX [R] metabolite-sensing,4
b1400,paaY,True,(NOT PaaX),(NOT (phenac_e > 0)),PaaXŌåÆ(phenac_e > 0),PaaX [R] metabolite-sensing,1
b1430,tehB,False,TRUE,TRUE,,,0
b1444,patD,True,(b1988),(b1988),,,0
b1448,mnaT,False,TRUE,TRUE,,,0
b1449,curA,True,(NOT b1988),(NOT b1988),,,0
b1453,ansP,True,(NOT b1988),(NOT b1988),,,0
b1463,nhoA,False,TRUE,TRUE,,,0
b1465,narV,True,(b3405),(b3405),,,0
b1466,narW,True,(b3405),(b3405),,,0
b1467,narY,True,(b3405),(b3405),,,0
b1468,narZ,True,(b3405),(b3405),,,0
b1473,yddG,False,TRUE,TRUE,,,0
b1478,adhP,True,(NOT b0683),(NOT b0683),,,0
b1483,ddpF,False,TRUE,TRUE,,,0
b1484,ddpD,False,TRUE,TRUE,,,0
b1485,ddpC,True,(NOT b1988),(NOT b1988),,,0
b1486,ddpB,False,TRUE,TRUE,,,0
b1487,ddpA,False,TRUE,TRUE,,,0
b1488,ddpX,False,TRUE,TRUE,,,0
b1489,dosP,False,TRUE,TRUE,,,0
b1490,dosC,False,TRUE,TRUE,,,0
b1511,lsrK,True,(b3357 AND NOT LsrR),(b3357 AND NOT (NOT (BiomassEcoli > 0))),LsrRŌåÆ(NOT (BiomassEcoli > 0)),LsrR [R] metabolite-sensing,1
b1513,lsrA,True,(b3357 AND NOT LsrR),(b3357 AND NOT (NOT (BiomassEcoli > 0))),LsrRŌåÆ(NOT (BiomassEcoli > 0)),LsrR [R] metabolite-sensing,1
b1514,lsrC,True,(b3357 AND NOT LsrR),(b3357 AND NOT (NOT (BiomassEcoli > 0))),LsrRŌåÆ(NOT (BiomassEcoli > 0)),LsrR [R] metabolite-sensing,1
b1515,lsrD,True,(b3357 AND NOT LsrR),(b3357 AND NOT (NOT (BiomassEcoli > 0))),LsrRŌåÆ(NOT (BiomassEcoli > 0)),LsrR [R] metabolite-sensing,1
b1516,lsrB,True,(b3357 AND NOT LsrR),(b3357 AND NOT (NOT (BiomassEcoli > 0))),LsrRŌåÆ(NOT (BiomassEcoli > 0)),LsrR [R] metabolite-sensing,1
b1517,lsrF,True,(b3357 AND NOT LsrR),(b3357 AND NOT (NOT (BiomassEcoli > 0))),LsrRŌåÆ(NOT (BiomassEcoli > 0)),LsrR [R] metabolite-sensing,1
b1518,lsrG,True,((GlaR OR b3357) AND NOT LsrR),(((NOT (glcr_e > 0)) OR b3357) AND NOT (NOT (BiomassEcoli > 0))),LsrRŌåÆ(NOT (BiomassEcoli > 0)); GlaRŌåÆ(NOT (glcr_e > 0)),GlaR [R] metabolite-sensing; LsrR [R] metabolite-sensing,2
b1525,sad,True,(PtrR),((NOT (ptrc_e > 0))),PtrRŌåÆ(NOT (ptrc_e > 0)),PtrR [R] metabolite-sensing,1
b1528,ydeA,False,TRUE,TRUE,,,0
b1533,eamA,True,(NOT b1988 AND NOT b0683),(NOT b1988 AND NOT b0683),,,0
b1535,dgcZ,True,(b3912 AND NOT carbon storage regulator CsrA),(b3912 AND FALSE),,carbon [P] named-variable; storage [P] named-variable; regulator [P] named-variable; CsrA [P] proxy-signal,0
b1539,ydfG,False,TRUE,TRUE,,,0
b1587,ynfE,True,(b1334 AND NOT b1221 AND NOT b1988),(b1334 AND NOT b1221 AND NOT b1988),,,0
b1588,ynfF,True,(b1334 AND NOT b1221 AND NOT b1988),(b1334 AND NOT b1221 AND NOT b1988),,,0
b1589,ynfG,True,((b1988 OR b1334) AND NOT b1221),((b1988 OR b1334) AND NOT b1221),,,0
b1590,ynfH,True,(b1334 AND NOT b1221),(b1334 AND NOT b1221),,,0
b1592,clcB,False,TRUE,TRUE,,,0
b1599,mdtI,True,(NOT H-NS),(NOT H-TRUE),,H-NS [P] proxy-signal,0
b1600,mdtJ,True,(NOT H-NS),(NOT H-TRUE),,H-NS [P] proxy-signal,0
b1601,tqsA,True,(b0683),(b0683),,,0
b1606,folM,False,TRUE,TRUE,,,0
b1616,uidB,False,TRUE,TRUE,,,0
b1617,uidA,False,TRUE,TRUE,,,0
b1619,hdhA,False,TRUE,TRUE,,,0
b1634,dtpA,True,(b3405 AND NOT GadX AND NOT b0889),(b3405 AND NOT ((NOT (o2_e > 0)) AND (pH < 5.5)) AND NOT b0889),GadXŌåÆ((NOT (o2_e > 0)) AND (pH < 5.5)),GadX [R] metabolite-sensing,1
b1640,anmK,False,TRUE,TRUE,,,0
b1654,grxD,False,TRUE,TRUE,,,0
b1655,mepH,False,TRUE,TRUE,,,0
b1661,cfa,True,((RydC OR ArrS) AND NOT CpxQ AND NOT b1988),(((NOT (BiomassEcoli > 0)) OR (Stress)) AND NOT (Stress) AND NOT b1988),RydCŌåÆ(NOT (BiomassEcoli > 0)); CpxQŌåÆ(Stress); ArrSŌåÆ(Stress),RydC [P] proxy-signal; ArrS [P] named-variable; CpxQ [P] proxy-signal,3
b1677,lpp,True,(NOT MicL AND NOT b3405),(NOT (Stress) AND NOT b3405),MicLŌåÆ(Stress),MicL [P] proxy-signal,1
b1678,ldtE,False,TRUE,TRUE,,,0
b1679,sufE,True,((IscR OR IHF OR b3961) AND NOT b0683),(((NOT (fe2_e > 0)) OR (BiomassEcoli > 0) OR b3961) AND NOT b0683),IscRŌåÆ(NOT (fe2_e > 0)); IHFŌåÆ(BiomassEcoli > 0),IscR [R] metabolite-sensing; IHF [P] proxy-signal,2
b1680,sufS,True,((IscR OR IHF OR b3961) AND NOT b0683),(((NOT (fe2_e > 0)) OR (BiomassEcoli > 0) OR b3961) AND NOT b0683),IscRŌåÆ(NOT (fe2_e > 0)); IHFŌåÆ(BiomassEcoli > 0),IscR [R] metabolite-sensing; IHF [P] proxy-signal,2
b1681,sufD,True,((IscR OR IHF OR b3961) AND NOT b0683),(((NOT (fe2_e > 0)) OR (BiomassEcoli > 0) OR b3961) AND NOT b0683),IscRŌåÆ(NOT (fe2_e > 0)); IHFŌåÆ(BiomassEcoli > 0),IscR [R] metabolite-sensing; IHF [P] proxy-signal,2
b1682,sufC,True,((IscR OR IHF OR b3961) AND NOT b0683),(((NOT (fe2_e > 0)) OR (BiomassEcoli > 0) OR b3961) AND NOT b0683),IscRŌåÆ(NOT (fe2_e > 0)); IHFŌåÆ(BiomassEcoli > 0),IscR [R] metabolite-sensing; IHF [P] proxy-signal,2
b1683,sufB,True,((IscR OR IHF OR b3961) AND NOT b0683),(((NOT (fe2_e > 0)) OR (BiomassEcoli > 0) OR b3961) AND NOT b0683),IscRŌåÆ(NOT (fe2_e > 0)); IHFŌåÆ(BiomassEcoli > 0),IscR [R] metabolite-sensing; IHF [P] proxy-signal,2
b1684,sufA,True,((IscR OR IHF OR b3961) AND NOT b0683),(((NOT (fe2_e > 0)) OR (BiomassEcoli > 0) OR b3961) AND NOT b0683),IscRŌåÆ(NOT (fe2_e > 0)); IHFŌåÆ(BiomassEcoli > 0),IscR [R] metabolite-sensing; IHF [P] proxy-signal,2
b1686,menI,False,TRUE,TRUE,,,0
b1694,ydiF,False,TRUE,TRUE,,,0
b1695,ydiO,True,(NOT b1988),(NOT b1988),,,0
b1701,fadK,False,TRUE,TRUE,,,0
b1710,btuE,False,TRUE,TRUE,,,0
b1727,yniC,True,(NOT b1988),(NOT b1988),,,0
b1733,chbG,True,((b3357 OR ChbR) AND NOT b0676),((b3357 OR (NOT (chb_e > 0))) AND NOT b0676),ChbRŌåÆ(NOT (chb_e > 0)),ChbR [R] metabolite-sensing,1
b1734,chbF,True,((b3357 OR ChbR) AND NOT b0676),((b3357 OR (NOT (chb_e > 0))) AND NOT b0676),ChbRŌåÆ(NOT (chb_e > 0)),ChbR [R] metabolite-sensing,1
b1736,chbA,True,((b3357 OR ChbR) AND NOT b0676),((b3357 OR (NOT (chb_e > 0))) AND NOT b0676),ChbRŌåÆ(NOT (chb_e > 0)),ChbR [R] metabolite-sensing,1
b1737,chbC,True,((b3357 OR ChbR) AND NOT b0676),((b3357 OR (NOT (chb_e > 0))) AND NOT b0676),ChbRŌåÆ(NOT (chb_e > 0)),ChbR [R] metabolite-sensing,1
b1738,chbB,True,((b3357 OR ChbR) AND NOT b0676),((b3357 OR (NOT (chb_e > 0))) AND NOT b0676),ChbRŌåÆ(NOT (chb_e > 0)),ChbR [R] metabolite-sensing,1
b1759,nudG,True,(NOT b1988),(NOT b1988),,,0
b1771,ydjG,False,TRUE,TRUE,,,0
b1778,msrB,True,(NOT RyhB AND NOT b4401 AND NOT b1334),(NOT (NOT (fe2_e > 0) AND NOT b0683) AND NOT b4401 AND NOT b1334),RyhBŌåÆ(NOT (fe2_e > 0) AND NOT b0683),RyhB [P] proxy-signal,1
b1781,yeaE,True,(NOT b3870 AND NOT GlaR),(NOT b3870 AND NOT (NOT (glcr_e > 0))),GlaRŌåÆ(NOT (glcr_e > 0)),GlaR [R] metabolite-sensing,1
b1794,yeaP,False,TRUE,TRUE,,,0
b1798,leuE,True,(NOT b0889),(NOT b0889),,,0
b1800,dmlA,False,TRUE,TRUE,,,0
b1813,nudL,False,TRUE,TRUE,,,0
b1821,mntP,True,(b0683),(b0683),,,0
b1832,msrC,False,TRUE,TRUE,,,0
b1856,mepM,False,TRUE,TRUE,,,0
b1857,znuA,True,((b3405 OR b3961) AND NOT b1988 AND NOT Zur),((b3405 OR b3961) AND NOT b1988 AND NOT (NOT (zn2_e > 0))),ZurŌåÆ(NOT (zn2_e > 0)),Zur [R] metabolite-sensing,1
b1858,znuC,True,(b3961 AND NOT Zur),(b3961 AND NOT (NOT (zn2_e > 0))),ZurŌåÆ(NOT (zn2_e > 0)),Zur [R] metabolite-sensing,1
b1859,znuB,True,(b3961 AND NOT Zur),(b3961 AND NOT (NOT (zn2_e > 0))),ZurŌåÆ(NOT (zn2_e > 0)),Zur [R] metabolite-sensing,1
b1870,cmoA,False,TRUE,TRUE,,,0
b1917,yecC,False,TRUE,TRUE,,,0
b1918,yecS,False,TRUE,TRUE,,,0
b1919,dcyD,True,(b1988),(b1988),,,0
b1920,fliY,True,(FlhDC AND NOT NsrR AND NOT MatA AND NOT SutR AND NOT IHF AND NOT CsgD),((BiomassEcoli > 0) AND NOT (NOT (no_e > 0)) AND NOT (NOT (BiomassEcoli > 0)) AND NOT (NOT (so4_e > 0)) AND NOT (BiomassEcoli > 0) AND NOT (NOT (BiomassEcoli > 0))),FlhDCŌåÆ(BiomassEcoli > 0); MatAŌåÆ(NOT (BiomassEcoli > 0)); SutRŌåÆ(NOT (so4_e > 0)); NsrRŌåÆ(NOT (no_e > 0)); IHFŌåÆ(BiomassEcoli > 0); CsgDŌåÆ(NOT (BiomassEcoli > 0)),FlhDC [P] proxy-signal; NsrR [R] metabolite-sensing; MatA [R] metabolite-sensing; SutR [R] metabolite-sensing; IHF [P] proxy-signal; CsgD [R] metabolite-sensing,6
b1927,amyA,False,TRUE,TRUE,,,0
b1967,hchA,True,(NOT b3237 AND NOT H-NS AND NOT b1988),(NOT b3237 AND NOT H-TRUE AND NOT b1988),,H-NS [P] proxy-signal,0
b1981,shiA,True,(RyhB AND NOT b1988),((NOT (fe2_e > 0) AND NOT b0683) AND NOT b1988),RyhBŌåÆ(NOT (fe2_e > 0) AND NOT b0683),RyhB [P] proxy-signal,1
b1985,yeeO,False,TRUE,TRUE,,,0
b1990,ldtA,False,TRUE,TRUE,,,0
b2010,dacD,False,TRUE,TRUE,,,0
b2014,plaP,False,TRUE,TRUE,,,0
b2027,wzzB,False,TRUE,TRUE,,,0
b2032,wbbK,False,TRUE,TRUE,,,0
b2033,wbbJ,False,TRUE,TRUE,,,0
b2034,wbbI,False,TRUE,TRUE,,,0
b2035,wbbH,False,TRUE,TRUE,,,0
b2037,wzxB,False,TRUE,TRUE,,,0
b2047,wcaJ,False,TRUE,TRUE,,,0
b2051,wcaH,False,TRUE,TRUE,,,0
b2134,pbpG,True,(NOT b1531),(NOT b1531),,,0
b2146,preT,False,TRUE,TRUE,,,0
b2147,preA,False,TRUE,TRUE,,,0
b2154,yeiG,False,TRUE,TRUE,,,0
b2155,cirA,True,(RyhB AND NOT OmrB AND NOT OmrA AND NOT Hfq AND NOT b0683),((NOT (fe2_e > 0) AND NOT b0683) AND NOT (NOT (o2_e > 0)) AND NOT (NOT (o2_e > 0)) AND NOT (NOT (BiomassEcoli > 0)) AND NOT b0683),RyhBŌåÆ(NOT (fe2_e > 0) AND NOT b0683); OmrAŌåÆ(NOT (o2_e > 0)); OmrBŌåÆ(NOT (o2_e > 0)); HfqŌåÆ(NOT (BiomassEcoli > 0)),RyhB [P] proxy-signal; OmrB [P] proxy-signal; OmrA [P] proxy-signal; Hfq [P] proxy-signal,4
b2162,rihB,False,TRUE,TRUE,,,0
b2164,psuT,False,TRUE,TRUE,,,0
b2165,psuG,True,(b3357),(b3357),,,0
b2166,psuK,True,(b3357),(b3357),,,0
b2170,setB,False,TRUE,TRUE,,,0
b2173,yeiR,False,TRUE,TRUE,,,0
b2174,lpxT,False,TRUE,TRUE,,,0
b2175,mepS,True,(NOT OxyS),(NOT (h2o2_e > 0)),OxySŌåÆ(h2o2_e > 0),OxyS [P] named-variable,1
b2177,yejA,False,TRUE,TRUE,,,0
b2178,yejB,True,(NOT b1988),(NOT b1988),,,0
b2179,yejE,False,TRUE,TRUE,,,0
b2180,yejF,False,TRUE,TRUE,,,0
b2197,ccmE,True,((b1334 OR ModE OR NarP) AND NOT b1221),((b1334 OR (TRUE) OR (no3_e > 0 OR no2_e > 0)) AND NOT b1221),NarPŌåÆ(no3_e > 0 OR no2_e > 0); ModEŌåÆ(TRUE),ModE [R] metabolite-sensing; NarP [P] two-component,2
b2198,ccmD,True,((b1334 OR ModE OR NarP) AND NOT b1221),((b1334 OR (TRUE) OR (no3_e > 0 OR no2_e > 0)) AND NOT b1221),NarPŌåÆ(no3_e > 0 OR no2_e > 0); ModEŌåÆ(TRUE),ModE [R] metabolite-sensing; NarP [P] two-component,2
b2199,ccmC,True,((b1334 OR ModE OR NarP) AND NOT b1221),((b1334 OR (TRUE) OR (no3_e > 0 OR no2_e > 0)) AND NOT b1221),NarPŌåÆ(no3_e > 0 OR no2_e > 0); ModEŌåÆ(TRUE),ModE [R] metabolite-sensing; NarP [P] two-component,2
b2200,ccmB,True,((b1334 OR ModE OR NarP) AND NOT b1221 AND NOT b1988),((b1334 OR (TRUE) OR (no3_e > 0 OR no2_e > 0)) AND NOT b1221 AND NOT b1988),NarPŌåÆ(no3_e > 0 OR no2_e > 0); ModEŌåÆ(TRUE),ModE [R] metabolite-sensing; NarP [P] two-component,2
b2201,ccmA,True,((b1334 OR ModE OR NarP) AND NOT b1221 AND NOT b1988),((b1334 OR (TRUE) OR (no3_e > 0 OR no2_e > 0)) AND NOT b1221 AND NOT b1988),NarPŌåÆ(no3_e > 0 OR no2_e > 0); ModEŌåÆ(TRUE),ModE [R] metabolite-sensing; NarP [P] two-component,2
b2202,napC,True,((b1334 OR ModE OR NarP) AND NOT b1221 AND NOT b1988 AND NOT IscR),((b1334 OR (TRUE) OR (no3_e > 0 OR no2_e > 0)) AND NOT b1221 AND NOT b1988 AND NOT (NOT (fe2_e > 0))),NarPŌåÆ(no3_e > 0 OR no2_e > 0); ModEŌåÆ(TRUE); IscRŌåÆ(NOT (fe2_e > 0)),ModE [R] metabolite-sensing; NarP [P] two-component; IscR [R] metabolite-sensing,3
b2203,napB,True,((b1334 OR ModE OR NarP) AND NOT b1221 AND NOT b1988 AND NOT IscR),((b1334 OR (TRUE) OR (no3_e > 0 OR no2_e > 0)) AND NOT b1221 AND NOT b1988 AND NOT (NOT (fe2_e > 0))),NarPŌåÆ(no3_e > 0 OR no2_e > 0); ModEŌåÆ(TRUE); IscRŌåÆ(NOT (fe2_e > 0)),ModE [R] metabolite-sensing; NarP [P] two-component; IscR [R] metabolite-sensing,3
b2204,napH,True,((b1334 OR ModE OR NarP) AND NOT b1221 AND NOT IscR),((b1334 OR (TRUE) OR (no3_e > 0 OR no2_e > 0)) AND NOT b1221 AND NOT (NOT (fe2_e > 0))),NarPŌåÆ(no3_e > 0 OR no2_e > 0); ModEŌåÆ(TRUE); IscRŌåÆ(NOT (fe2_e > 0)),ModE [R] metabolite-sensing; NarP [P] two-component; IscR [R] metabolite-sensing,3
b2205,napG,True,((b1334 OR ModE OR NarP) AND NOT b1221 AND NOT IscR),((b1334 OR (TRUE) OR (no3_e > 0 OR no2_e > 0)) AND NOT b1221 AND NOT (NOT (fe2_e > 0))),NarPŌåÆ(no3_e > 0 OR no2_e > 0); ModEŌåÆ(TRUE); IscRŌåÆ(NOT (fe2_e > 0)),ModE [R] metabolite-sensing; NarP [P] two-component; IscR [R] metabolite-sensing,3
b2206,napA,True,((b1334 OR ModE OR NarP) AND NOT b1221 AND NOT IscR),((b1334 OR (TRUE) OR (no3_e > 0 OR no2_e > 0)) AND NOT b1221 AND NOT (NOT (fe2_e > 0))),NarPŌåÆ(no3_e > 0 OR no2_e > 0); ModEŌåÆ(TRUE); IscRŌåÆ(NOT (fe2_e > 0)),ModE [R] metabolite-sensing; NarP [P] two-component; IscR [R] metabolite-sensing,3
b2215,ompC,True,((b3912 OR b3405) AND NOT MicC AND NOT b0889 AND NOT IHF),((b3912 OR b3405) AND NOT (NOT (BiomassEcoli > 0)) AND NOT b0889 AND NOT (BiomassEcoli > 0)),MicCŌåÆ(NOT (BiomassEcoli > 0)); IHFŌåÆ(BiomassEcoli > 0),MicC [P] proxy-signal; IHF [P] proxy-signal,2
b2245,rhmA,False,TRUE,TRUE,,,0
b2247,rhmD,False,TRUE,TRUE,,,0
b2251,nudI,False,TRUE,TRUE,,,0
b2253,arnB,True,(BasR),((NOT (fe2_e > 0))),BasRŌåÆ(NOT (fe2_e > 0)),BasR [P] two-component,1
b2254,arnC,True,(BasR),((NOT (fe2_e > 0))),BasRŌåÆ(NOT (fe2_e > 0)),BasR [P] two-component,1
b2255,arnA,True,(BasR),((NOT (fe2_e > 0))),BasRŌåÆ(NOT (fe2_e > 0)),BasR [P] two-component,1
b2256,arnD,True,(BasR),((NOT (fe2_e > 0))),BasRŌåÆ(NOT (fe2_e > 0)),BasR [P] two-component,1
b2257,arnT,True,(BasR),((NOT (fe2_e > 0))),BasRŌåÆ(NOT (fe2_e > 0)),BasR [P] two-component,1
b2258,arnF,True,(BasR),((NOT (fe2_e > 0))),BasRŌåÆ(NOT (fe2_e > 0)),BasR [P] two-component,1
b2263,menH,False,TRUE,TRUE,,,0
b2290,alaA,False,TRUE,TRUE,,,0
b2291,yfbR,False,TRUE,TRUE,,,0
b2293,yfbT,True,(NOT GlaR),(NOT (NOT (glcr_e > 0))),GlaRŌåÆ(NOT (glcr_e > 0)),GlaR [R] metabolite-sensing,1
b2302,yfcG,False,TRUE,TRUE,,,0
b2303,folX,False,TRUE,TRUE,,,0
b2328,mepA,False,TRUE,TRUE,,,0
b2341,fadJ,True,(NOT b1187 AND NOT b4401),(NOT b1187 AND NOT b4401),,,0
b2342,fadI,True,(NOT b1187 AND NOT b4401),(NOT b1187 AND NOT b4401),,,0
b2361,yfdR,False,TRUE,TRUE,,,0
b2371,yfdE,True,(EvgA AND NOT b1988),((Stress) AND NOT b1988),EvgAŌåÆ(Stress),EvgA [P] two-component,1
b2373,oxc,True,(EvgA AND NOT GlaR),((Stress) AND NOT (NOT (glcr_e > 0))),GlaRŌåÆ(NOT (glcr_e > 0)); EvgAŌåÆ(Stress),EvgA [P] two-component; GlaR [R] metabolite-sensing,2
b2374,frc,True,(EvgA),((Stress)),EvgAŌåÆ(Stress),EvgA [P] two-component,1
b2379,alaC,True,(SgrR AND NOT b1988),((FALSE) AND NOT b1988),SgrRŌåÆ(FALSE),SgrR [R] metabolite-sensing,1
b2392,mntH,True,(b3961 AND NOT b1988 AND NOT b0683 AND NOT MntR),(b3961 AND NOT b1988 AND NOT b0683 AND NOT (mn2_e > 0)),MntRŌåÆ(mn2_e > 0),MntR [R] metabolite-sensing,1
b2428,murQ,True,(b3357 AND NOT MurR),(b3357 AND NOT (NOT (mur_e > 0))),MurRŌåÆ(NOT (mur_e > 0)),MurR [R] metabolite-sensing,1
b2430,yfeW,False,TRUE,TRUE,,,0
b2431,yfeX,False,TRUE,TRUE,,,0
b2435,amiA,False,TRUE,TRUE,,,0
b2467,nudK,False,TRUE,TRUE,,,0
b2470,acrD,True,(b3912 OR BaeR),(b3912 OR (Stress)),BaeRŌåÆ(Stress),BaeR [P] two-component,1
b2480,bcp,False,TRUE,TRUE,,,0
b2481,hyfA,False,TRUE,TRUE,,,0
b2482,hyfB,False,TRUE,TRUE,,,0
b2483,hyfC,False,TRUE,TRUE,,,0
b2484,hyfD,False,TRUE,TRUE,,,0
b2485,hyfE,False,TRUE,TRUE,,,0
b2486,hyfF,False,TRUE,TRUE,,,0
b2487,hyfG,False,TRUE,TRUE,,,0
b2488,hyfH,False,TRUE,TRUE,,,0
b2489,hyfI,False,TRUE,TRUE,,,0
b2490,hyfJ,False,TRUE,TRUE,,,0
b2501,ppk,False,TRUE,TRUE,,,0
b2502,ppx,True,(NOT GlaR),(NOT (NOT (glcr_e > 0))),GlaRŌåÆ(NOT (glcr_e > 0)),GlaR [R] metabolite-sensing,1
b2503,yfgF,True,((b0683 OR b1334) AND NOT b1988),((b0683 OR b1334) AND NOT b1988),,,0
b2519,pbpC,False,TRUE,TRUE,,,0
b2521,sseA,False,TRUE,TRUE,,,0
b2523,pepB,False,TRUE,TRUE,,,0
b2528,iscA,True,(OxyS AND NOT RyhB AND NOT IscR),((h2o2_e > 0) AND NOT (NOT (fe2_e > 0) AND NOT b0683) AND NOT (NOT (fe2_e > 0))),IscRŌåÆ(NOT (fe2_e > 0)); RyhBŌåÆ(NOT (fe2_e > 0) AND NOT b0683); OxySŌåÆ(h2o2_e > 0),OxyS [P] named-variable; RyhB [P] proxy-signal; IscR [R] metabolite-sensing,3
b2529,iscU,True,(OxyS AND NOT RyhB AND NOT IscR),((h2o2_e > 0) AND NOT (NOT (fe2_e > 0) AND NOT b0683) AND NOT (NOT (fe2_e > 0))),IscRŌåÆ(NOT (fe2_e > 0)); RyhBŌåÆ(NOT (fe2_e > 0) AND NOT b0683); OxySŌåÆ(h2o2_e > 0),OxyS [P] named-variable; RyhB [P] proxy-signal; IscR [R] metabolite-sensing,3
b2552,hmp,True,(b3828 AND NOT SdsN AND NOT b1334),(b3828 AND NOT (Stress) AND NOT b1334),SdsNŌåÆ(Stress),SdsN [P] proxy-signal,1
b2558,mltF,False,TRUE,TRUE,,,0
b2578,eamB,False,TRUE,TRUE,,,0
b2579,grcA,True,((b3261 OR b1334) AND NOT b0113),((b3261 OR b1334) AND NOT b0113),,,0
b2582,trxC,True,(b3961),(b3961),,,0
b2660,lhgO,True,((b3357 OR b0889 OR b1988) AND NOT GlaR),((b3357 OR b0889 OR b1988) AND NOT (NOT (glcr_e > 0))),GlaRŌåÆ(NOT (glcr_e > 0)),GlaR [R] metabolite-sensing,1
b2668,ygaP,True,(NOT b1988),(NOT b1988),,,0
b2670,alaE,True,(GlaR OR b0889),((NOT (glcr_e > 0)) OR b0889),GlaRŌåÆ(NOT (glcr_e > 0)),GlaR [R] metabolite-sensing,1
b2682,ygaZ,True,(NOT b1988),(NOT b1988),,,0
b2683,ygaH,False,TRUE,TRUE,,,0
b2700,pncC,False,TRUE,TRUE,,,0
b2701,mltB,False,TRUE,TRUE,,,0
b2708,srlQ,False,TRUE,TRUE,,,0
b2710,norV,True,(NorR OR IHF),((no_e > 0) OR (BiomassEcoli > 0)),NorRŌåÆ(no_e > 0); IHFŌåÆ(BiomassEcoli > 0),NorR [P] two-component; IHF [P] proxy-signal,2
b2711,norW,True,(NorR OR IHF),((no_e > 0) OR (BiomassEcoli > 0)),NorRŌåÆ(no_e > 0); IHFŌåÆ(BiomassEcoli > 0),NorR [P] two-component; IHF [P] proxy-signal,2
b2715,ascF,True,(b3357 AND NOT Spf AND NOT AscG),(b3357 AND NOT (NOT (glc_DASH_D_e > 0)) AND NOT (NOT (salchs3_e > 0))),AscGŌåÆ(NOT (salchs3_e > 0)); SpfŌåÆ(NOT (glc_DASH_D_e > 0)),Spf [P] proxy-signal; AscG [R] metabolite-sensing,2
b2716,ascB,True,(b3357 AND NOT AscG),(b3357 AND NOT (NOT (salchs3_e > 0))),AscGŌåÆ(NOT (salchs3_e > 0)),AscG [R] metabolite-sensing,1
b2727,hypB,True,(b2731 OR IHF OR b1334),(b2731 OR (BiomassEcoli > 0) OR b1334),IHFŌåÆ(BiomassEcoli > 0),IHF [P] proxy-signal,1
b2744,umpG,False,TRUE,TRUE,,,0
b2765,queD,True,(NOT b1988),(NOT b1988),,,0
b2784,relA,True,((b3870 OR b3357) AND NOT HipAB AND NOT HipB),((b3870 OR b3357) AND NOT (NOT (BiomassEcoli > 0)) AND NOT (NOT (BiomassEcoli > 0))),HipABŌåÆ(NOT (BiomassEcoli > 0)); HipBŌåÆ(NOT (BiomassEcoli > 0)),HipAB [R] metabolite-sensing; HipB [R] metabolite-sensing,2
b2794,queF,True,(NOT b1988),(NOT b1988),,,0
b2810,csdA,False,TRUE,TRUE,,,0
b2813,mltA,True,(b1334),(b1334),,,0
b2817,amiC,False,TRUE,TRUE,,,0
b2835,lplT,False,TRUE,TRUE,,,0
b2842,kduD,False,TRUE,TRUE,,,0
b2843,kduI,True,(NOT b1988),(NOT b1988),,,0
b2866,xdhA,True,(NOT b1988),(NOT b1988),,,0
b2867,xdhB,False,TRUE,TRUE,,,0
b2868,xdhC,False,TRUE,TRUE,,,0
b2871,ygeX,False,TRUE,TRUE,,,0
b2873,hyuA,False,TRUE,TRUE,,,0
b2877,mocA,False,TRUE,TRUE,,,0
b2882,xanQ,False,TRUE,TRUE,,,0
b2888,uacT,False,TRUE,TRUE,,,0
b2893,dsbC,False,TRUE,TRUE,,,0
b2895,fldB,False,TRUE,TRUE,,,0
b2906,ubiI,False,TRUE,TRUE,,,0
b2912,fau,True,(b3261 AND NOT H-NS AND NOT StpA AND NOT b0889),(b3261 AND NOT H-TRUE AND NOT (TRUE) AND NOT b0889),StpAŌåÆ(TRUE),H-NS [P] proxy-signal; StpA [P] proxy-signal,1
b2918,argK,False,TRUE,TRUE,,,0
b2923,argO,True,(ArgP OR b1988 OR b0889),((NOT (lys_DASH_L_e > 0)) OR b1988 OR b0889),ArgPŌåÆ(NOT (lys_DASH_L_e > 0)),ArgP [R] metabolite-sensing,1
b2924,mscS,False,TRUE,TRUE,,,0
b2930,yggF,False,TRUE,TRUE,,,0
b2933,cmtA,True,(b1988),(b1988),,,0
b2934,cmtB,True,(b1988),(b1988),,,0
b2954,rdgB,False,TRUE,TRUE,,,0
b2963,mltC,False,TRUE,TRUE,,,0
b2989,yghU,False,TRUE,TRUE,,,0
b2995,hybB,False,TRUE,TRUE,,,0
b2996,hybA,False,TRUE,TRUE,,,0
b3001,gpr,False,TRUE,TRUE,,,0
b3003,yghA,False,TRUE,TRUE,,,0
b3005,exbD,True,(NOT b0683),(NOT b0683),,,0
b3006,exbB,True,(NOT b0683),(NOT b0683),,,0
b3011,yqhD,True,(YqhC OR b0683),((Stress) OR b0683),YqhCŌåÆ(Stress),YqhC [R] metabolite-sensing,1
b3028,mdaB,False,TRUE,TRUE,,,0
b3029,ygiN,True,(NOT b1988),(NOT b1988),,,0
b3032,cpdA,False,TRUE,TRUE,,,0
b3034,nudF,False,TRUE,TRUE,,,0
b3035,tolC,True,(b3405 AND NOT SdsR),(b3405 AND NOT (NOT (BiomassEcoli > 0))),SdsRŌåÆ(NOT (BiomassEcoli > 0)),SdsR [P] proxy-signal,1
b3040,zupT,False,TRUE,TRUE,,,0
b3057,bacA,False,TRUE,TRUE,,,0
b3059,plsY,False,TRUE,TRUE,,,0
b3070,yqjH,True,(NOT NfeR AND NOT b0683),(NOT (NOT (fe2_e > 0)) AND NOT b0683),NfeRŌåÆ(NOT (fe2_e > 0)),NfeR [R] metabolite-sensing,1
b3182,dacB,False,TRUE,TRUE,,,0
b3196,yrbG,False,TRUE,TRUE,,,0
b3197,kdsD,False,TRUE,TRUE,,,0
b3198,kdsC,False,TRUE,TRUE,,,0
b3199,lptC,False,TRUE,TRUE,,,0
b3200,lptA,False,TRUE,TRUE,,,0
b3201,lptB,False,TRUE,TRUE,,,0
b3208,mtgA,False,TRUE,TRUE,,,0
b3240,aaeB,False,TRUE,TRUE,,,0
b3241,aaeA,False,TRUE,TRUE,,,0
b3248,yhdE,False,TRUE,TRUE,,,0
b3253,acuI,False,TRUE,TRUE,,,0
b3265,acrE,True,(ZraR AND NOT b1988),((zn2_e > 0) AND NOT b1988),ZraRŌåÆ(zn2_e > 0),ZraR [P] two-component,1
b3266,acrF,False,TRUE,TRUE,,,0
b3290,trkA,False,TRUE,TRUE,,,0
b3291,mscL,True,(NOT b1988),(NOT b1988),,,0
b3336,bfr,True,(b1988 OR b0683),(b1988 OR b0683),,,0
b3350,kefB,False,TRUE,TRUE,,,0
b3370,frlA,True,(NOT FrlR),(NOT (NOT (fru_e > 0))),FrlRŌåÆ(NOT (fru_e > 0)),FrlR [R] metabolite-sensing,1
b3371,frlB,True,(NOT FrlR),(NOT (NOT (fru_e > 0))),FrlRŌåÆ(NOT (fru_e > 0)),FrlR [R] metabolite-sensing,1
b3374,frlD,True,(NOT FrlR),(NOT (NOT (fru_e > 0))),FrlRŌåÆ(NOT (fru_e > 0)),FrlR [R] metabolite-sensing,1
b3396,mrcA,False,TRUE,TRUE,,,0
b3397,nudE,True,(NOT b4401),(NOT b4401),,,0
b3399,yrfG,False,TRUE,TRUE,,,0
b3412,bioH,False,TRUE,TRUE,,,0
b3431,glgX,False,TRUE,TRUE,,,0
b3432,glgB,False,TRUE,TRUE,,,0
b3447,ggt,False,TRUE,TRUE,,,0
b3449,ugpQ,True,(b3357 OR b0399),(b3357 OR b0399),,,0
b3469,zntA,True,(ZntR),((zn2_e > 0)),ZntRŌåÆ(zn2_e > 0),ZntR [R] metabolite-sensing,1
b3475,acpT,False,TRUE,TRUE,,,0
b3476,nikA,True,(b1334 AND NOT NikR),(b1334 AND NOT (ni2_e > 0)),NikRŌåÆ(ni2_e > 0),NikR [R] metabolite-sensing,1
b3477,nikB,True,(b1334 AND NOT NikR),(b1334 AND NOT (ni2_e > 0)),NikRŌåÆ(ni2_e > 0),NikR [R] metabolite-sensing,1
b3478,nikC,True,(b1334 AND NOT NikR),(b1334 AND NOT (ni2_e > 0)),NikRŌåÆ(ni2_e > 0),NikR [R] metabolite-sensing,1
b3479,nikD,True,(b1334 AND NOT NikR),(b1334 AND NOT (ni2_e > 0)),NikRŌåÆ(ni2_e > 0),NikR [R] metabolite-sensing,1
b3480,nikE,True,(b1334 AND NOT NikR),(b1334 AND NOT (ni2_e > 0)),NikRŌåÆ(ni2_e > 0),NikR [R] metabolite-sensing,1
b3488,yhiJ,True,(NOT b1988),(NOT b1988),,,0
b3496,dtpB,False,TRUE,TRUE,,,0
b3502,arsB,True,(NOT ArsR),(NOT (FALSE)),ArsRŌåÆ(FALSE),ArsR [R] metabolite-sensing,1
b3503,arsC,True,(NOT ArsR),(NOT (FALSE)),ArsRŌåÆ(FALSE),ArsR [R] metabolite-sensing,1
b3525,yhjH,False,TRUE,TRUE,,,0
b3540,dppF,True,(b0683 OR b1988),(b0683 OR b1988),,,0
b3541,dppD,True,(b0683 OR b1988),(b0683 OR b1988),,,0
b3542,dppC,True,(b0683 OR b1988),(b0683 OR b1988),,,0
b3543,dppB,True,(b0683 OR b1988),(b0683 OR b1988),,,0
b3544,dppA,True,(b4401 OR b1988),(b4401 OR b1988),,,0
b3546,eptB,True,(NOT ArcZ),(NOT (NOT (o2_e > 0))),ArcZŌåÆ(NOT (o2_e > 0)),ArcZ [P] proxy-signal,1
b3571,malS,False,TRUE,TRUE,,,0
b3577,yiaM,True,((b3357 OR IHF) AND NOT PlaR),((b3357 OR (BiomassEcoli > 0)) AND NOT (NOT (BiomassEcoli > 0))),PlaRŌåÆ(NOT (BiomassEcoli > 0)); IHFŌåÆ(BiomassEcoli > 0),IHF [P] proxy-signal; PlaR [R] metabolite-sensing,2
b3578,yiaN,True,((b3357 OR IHF) AND NOT PlaR),((b3357 OR (BiomassEcoli > 0)) AND NOT (NOT (BiomassEcoli > 0))),PlaRŌåÆ(NOT (BiomassEcoli > 0)); IHFŌåÆ(BiomassEcoli > 0),IHF [P] proxy-signal; PlaR [R] metabolite-sensing,2
b3580,lyxK,True,((b3357 OR IHF) AND NOT PlaR),((b3357 OR (BiomassEcoli > 0)) AND NOT (NOT (BiomassEcoli > 0))),PlaRŌåÆ(NOT (BiomassEcoli > 0)); IHFŌåÆ(BiomassEcoli > 0),IHF [P] proxy-signal; PlaR [R] metabolite-sensing,2
b3582,sgbU,True,((b3357 OR IHF) AND NOT PlaR),((b3357 OR (BiomassEcoli > 0)) AND NOT (NOT (BiomassEcoli > 0))),PlaRŌåÆ(NOT (BiomassEcoli > 0)); IHFŌåÆ(BiomassEcoli > 0),IHF [P] proxy-signal; PlaR [R] metabolite-sensing,2
b3589,yiaY,False,TRUE,TRUE,,,0
b3590,selB,True,(NOT SelB-L-selenocysteinyl-tRNA<sup>sec</sup>),(FALSE),,SelB-L-selenocysteinyl-tRNA<sup [P] named-variable; sec</sup [P] named-variable,0
b3610,grxC,False,TRUE,TRUE,,,0
b3614,yibQ,True,(NOT Cra),(NOT (NOT (glc_DASH_D_e > 0))),CraŌåÆ(NOT (glc_DASH_D_e > 0)),Cra [P] named-variable,1
b3623,waaU,False,TRUE,TRUE,,,0
b3624,waaZ,True,(b1531 OR b4062),(b1531 OR b4062),,,0
b3625,waaY,True,(b1531 OR b4062),(b1531 OR b4062),,,0
b3628,waaB,False,TRUE,TRUE,,,0
b3629,waaS,False,TRUE,TRUE,,,0
b3630,waaP,False,TRUE,TRUE,,,0
b3632,waaQ,False,TRUE,TRUE,,,0
b3639,dfp,False,TRUE,TRUE,,,0
b3650,spoT,False,TRUE,TRUE,,,0
b3656,yicI,False,TRUE,TRUE,,,0
b3662,nepI,True,(b4062),(b4062),,,0
b3664,adeQ,False,TRUE,TRUE,,,0
b3679,yidK,False,TRUE,TRUE,,,0
b3697,yidA,False,TRUE,TRUE,,,0
b3713,chrR,False,TRUE,TRUE,,,0
b3714,adeP,False,TRUE,TRUE,,,0
b3715,yieH,True,(NOT b1988),(NOT b1988),,,0
b3721,bglB,True,((b3357 OR RcsB-BglJ OR LeuO) AND NOT H-NS AND NOT b1988 AND NOT b3261),((b3357 OR (Stress)-(Stress) OR (NOT (leu_DASH_L_e > 0))) AND NOT H-TRUE AND NOT b1988 AND NOT b3261),BglJŌåÆ(Stress); LeuOŌåÆ(NOT (leu_DASH_L_e > 0)); RcsBŌåÆ(Stress),RcsB-BglJ [R] metabolite-sensing; LeuO [P] named-variable; H-NS [P] proxy-signal,3
b3722,bglF,True,((b3357 OR RcsB-BglJ OR LeuO) AND NOT H-NS AND NOT b3261),((b3357 OR (Stress)-(Stress) OR (NOT (leu_DASH_L_e > 0))) AND NOT H-TRUE AND NOT b3261),BglJŌåÆ(Stress); LeuOŌåÆ(NOT (leu_DASH_L_e > 0)); RcsBŌåÆ(Stress),RcsB-BglJ [R] metabolite-sensing; LeuO [P] named-variable; H-NS [P] proxy-signal,3
b3747,kup,False,TRUE,TRUE,,,0
b3779,gpp,False,TRUE,TRUE,,,0
b3781,trxA,True,(NOT b3357),(NOT b3357),,,0
b3785,wzzE,True,(b1988),(b1988),,,0
b3792,wzxE,False,TRUE,TRUE,,,0
b3812,yigB,False,TRUE,TRUE,,,0
b3816,corA,False,TRUE,TRUE,,,0
b3823,rhtC,False,TRUE,TRUE,,,0
b3824,rhtB,False,TRUE,TRUE,,,0
b3826,yigL,True,(b1988),(b1988),,,0
b3844,fre,False,TRUE,TRUE,,,0
b3856,mobB,False,TRUE,TRUE,,,0
b3857,mobA,True,(NOT b1988),(NOT b1988),,,0
b3860,dsbA,True,(b3912 AND NOT b1988),(b3912 AND NOT b1988),,,0
b3867,hemN,True,(NOT b1988),(NOT b1988),,,0
b3875,ompL,False,TRUE,TRUE,,,0
b3876,yihO,True,(NOT b1988),(NOT b1988),,,0
b3877,yihP,False,TRUE,TRUE,,,0
b3878,yihQ,True,(NOT b1988),(NOT b1988),,,0
b3880,yihS,True,(NOT CsqR),(NOT (NOT (chb_e > 0))),CsqRŌåÆ(NOT (chb_e > 0)),CsqR [R] metabolite-sensing,1
b3881,yihT,True,(NOT CsqR),(NOT (NOT (chb_e > 0))),CsqRŌåÆ(NOT (chb_e > 0)),CsqR [R] metabolite-sensing,1
b3882,yihU,True,(NOT CsqR),(NOT (NOT (chb_e > 0))),CsqRŌåÆ(NOT (chb_e > 0)),CsqR [R] metabolite-sensing,1
b3883,yihV,True,(NOT CsqR),(NOT (NOT (chb_e > 0))),CsqRŌåÆ(NOT (chb_e > 0)),CsqR [R] metabolite-sensing,1
b3885,yihX,True,(b0683),(b0683),,,0
b3915,fieF,False,TRUE,TRUE,,,0
b3924,fpr,True,(b1531 OR b4062),(b1531 OR b4062),,,0
b3925,glpX,True,(NOT b3423),(NOT b3423),,,0
b3943,yijE,False,TRUE,TRUE,,,0
b3996,nudC,True,(NOT b1988),(NOT b1988),,,0
b4020,yjbB,True,(NOT b1988),(NOT b1988),,,0
b4055,aphA,False,TRUE,TRUE,,,0
b4064,ghxP,False,TRUE,TRUE,,,0
b4067,actP,True,(b3357 AND NOT IHF AND NOT b3261),(b3357 AND NOT (BiomassEcoli > 0) AND NOT b3261),IHFŌåÆ(BiomassEcoli > 0),IHF [P] proxy-signal,1
b4070,nrfA,True,((NarP OR b1334 OR b1221 OR IHF) AND NOT NsrR AND NOT b3261),(((no3_e > 0 OR no2_e > 0) OR b1334 OR b1221 OR (BiomassEcoli > 0)) AND NOT (NOT (no_e > 0)) AND NOT b3261),NarPŌåÆ(no3_e > 0 OR no2_e > 0); NsrRŌåÆ(NOT (no_e > 0)); IHFŌåÆ(BiomassEcoli > 0),NarP [P] two-component; IHF [P] proxy-signal; NsrR [R] metabolite-sensing,3
b4071,nrfB,True,((NarP OR b1334 OR b1221 OR IHF) AND NOT NsrR AND NOT b3261),(((no3_e > 0 OR no2_e > 0) OR b1334 OR b1221 OR (BiomassEcoli > 0)) AND NOT (NOT (no_e > 0)) AND NOT b3261),NarPŌåÆ(no3_e > 0 OR no2_e > 0); NsrRŌåÆ(NOT (no_e > 0)); IHFŌåÆ(BiomassEcoli > 0),NarP [P] two-component; IHF [P] proxy-signal; NsrR [R] metabolite-sensing,3
b4072,nrfC,True,((NarP OR b1334 OR b1221 OR IHF) AND NOT b3261),(((no3_e > 0 OR no2_e > 0) OR b1334 OR b1221 OR (BiomassEcoli > 0)) AND NOT b3261),NarPŌåÆ(no3_e > 0 OR no2_e > 0); IHFŌåÆ(BiomassEcoli > 0),NarP [P] two-component; IHF [P] proxy-signal,2
b4073,nrfD,True,((NarP OR b1334 OR b1221 OR IHF) AND NOT b3261),(((no3_e > 0 OR no2_e > 0) OR b1334 OR b1221 OR (BiomassEcoli > 0)) AND NOT b3261),NarPŌåÆ(no3_e > 0 OR no2_e > 0); IHFŌåÆ(BiomassEcoli > 0),NarP [P] two-component; IHF [P] proxy-signal,2
b4084,alsK,False,TRUE,TRUE,,,0
b4085,alsE,False,TRUE,TRUE,,,0
b4086,alsC,False,TRUE,TRUE,,,0
b4087,alsA,False,TRUE,TRUE,,,0
b4088,alsB,False,TRUE,TRUE,,,0
b4092,phnP,True,(b0399),(b0399),,,0
b4093,phnO,True,(b0399),(b0399),,,0
b4094,phnN,True,(b0399),(b0399),,,0
b4095,phnM,True,(b0399),(b0399),,,0
b4096,phnL,True,(b0399),(b0399),,,0
b4098,phnJ,True,(b0399),(b0399),,,0
b4099,phnI,True,(b0399),(b0399),,,0
b4100,phnH,True,(b0399),(b0399),,,0
b4101,phnG,True,(b0399),(b0399),,,0
b4104,phnE,False,TRUE,TRUE,,,0
b4105,phnD,True,(b0399),(b0399),,,0
b4106,phnC,False,TRUE,TRUE,,,0
b4115,adiC,True,(GadRcs),(((NOT (o2_e > 0)) AND (pH < 5.5))),GadRcsŌåÆ((NOT (o2_e > 0)) AND (pH < 5.5)),GadRcs [R] metabolite-sensing,1
b4129,lysU,True,(NOT b1988 AND NOT b0889),(NOT b1988 AND NOT b0889),,,0
b4130,dtpC,False,TRUE,TRUE,,,0
b4136,dsbD,False,TRUE,TRUE,,,0
b4141,yjeH,True,(NOT b1988),(NOT b1988),,,0
b4146,epmB,False,TRUE,TRUE,,,0
b4159,mscM,False,TRUE,TRUE,,,0
b4161,rsgA,True,(NOT GlaR),(NOT (NOT (glcr_e > 0))),GlaRŌåÆ(NOT (glcr_e > 0)),GlaR [R] metabolite-sensing,1
b4167,nnr,False,TRUE,TRUE,,,0
b4169,amiB,True,(NOT b1988),(NOT b1988),,,0
b4173,hflX,True,(NOT b3357),(NOT b3357),,,0
b4192,ulaG,True,(NOT UlaR),(NOT (NOT (larab_e > 0))),UlaRŌåÆ(NOT (larab_e > 0)),UlaR [R] metabolite-sensing,1
b4193,ulaA,True,(b3357 AND NOT UlaR),(b3357 AND NOT (NOT (larab_e > 0))),UlaRŌåÆ(NOT (larab_e > 0)),UlaR [R] metabolite-sensing,1
b4194,ulaB,True,(b3357 AND NOT UlaR),(b3357 AND NOT (NOT (larab_e > 0))),UlaRŌåÆ(NOT (larab_e > 0)),UlaR [R] metabolite-sensing,1
b4195,ulaC,True,(b3357 AND NOT UlaR),(b3357 AND NOT (NOT (larab_e > 0))),UlaRŌåÆ(NOT (larab_e > 0)),UlaR [R] metabolite-sensing,1
b4209,ytfE,True,(NOT NsrR),(NOT (NOT (no_e > 0))),NsrRŌåÆ(NOT (no_e > 0)),NsrR [R] metabolite-sensing,1
b4213,cpdB,True,(b3357 AND NOT b1988),(b3357 AND NOT b1988),,,0
b4214,cysQ,True,(b1988),(b1988),,,0
b4219,msrA,True,(b1988),(b1988),,,0
b4233,mpl,True,(NOT Cra),(NOT (NOT (glc_DASH_D_e > 0))),CraŌåÆ(NOT (glc_DASH_D_e > 0)),Cra [P] named-variable,1
b4237,nrdG,True,(b1334 AND NOT H-NS AND NOT b1988 AND NOT NrdR),(b1334 AND NOT H-TRUE AND NOT b1988 AND NOT (TRUE)),NrdRŌåÆ(TRUE),H-NS [P] proxy-signal; NrdR [R] metabolite-sensing,1
b4242,mgtA,True,(PhoP),((NOT (mg2_e > 0))),PhoPŌåÆ(NOT (mg2_e > 0)),PhoP [P] two-component,1
b4260,pepA,True,(NOT PepA),(NOT (TRUE)),PepAŌåÆ(TRUE),PepA [R] metabolite-sensing,1
b4261,lptF,False,TRUE,TRUE,,,0
b4262,lptG,False,TRUE,TRUE,,,0
b4269,ahr,False,TRUE,TRUE,,,0
b4287,fecE,True,(NOT b0683),(NOT b0683),,,0
b4288,fecD,True,(NOT b0683),(NOT b0683),,,0
b4289,fecC,True,(NOT b0683),(NOT b0683),,,0
b4290,fecB,True,(NOT b0683),(NOT b0683),,,0
b4291,fecA,True,(NOT b0683),(NOT b0683),,,0
b4297,yjhG,False,TRUE,TRUE,,,0
b4298,yjhH,False,TRUE,TRUE,,,0
b4311,nanC,True,(b3357 AND NOT Spf AND NOT b0676 AND NOT NanR),(b3357 AND NOT (NOT (glc_DASH_D_e > 0)) AND NOT b0676 AND NOT (NOT (acnam_e > 0))),NanRŌåÆ(NOT (acnam_e > 0)); SpfŌåÆ(NOT (glc_DASH_D_e > 0)),Spf [P] proxy-signal; NanR [R] metabolite-sensing,2
b4337,mdtM,True,(SlyA),((Stress)),SlyAŌåÆ(Stress),SlyA [R] metabolite-sensing,1
b4352,yjiA,False,TRUE,TRUE,,,0
b4356,lgoT,False,TRUE,TRUE,,,0
b4358,lgoD,True,(NOT b3094 AND NOT b4324),(NOT b3094 AND NOT b4324),,,0
b4367,fhuF,True,(NOT b1988 AND NOT b0683 AND NOT b3961),(NOT b1988 AND NOT b0683 AND NOT b3961),,,0
b4374,yjjG,False,TRUE,TRUE,,,0
b4386,lplA,False,TRUE,TRUE,,,0
b4390,nadR,False,TRUE,TRUE,,,0
b4392,slt,True,(b3912),(b3912),,,0
b4394,yjjX,False,TRUE,TRUE,,,0
b4460,araH,True,(b3357 OR b0064),(b3357 OR b0064),,,0
b4464,ghxQ,False,TRUE,TRUE,,,0
b4467,glcF,True,(b2980 AND NOT b4401 AND NOT b0113),(b2980 AND NOT b4401 AND NOT b0113),,,0
b4468,glcE,True,(b2980 AND NOT b4401 AND NOT b0113),(b2980 AND NOT b4401 AND NOT b0113),,,0
b4471,tdcG,True,(b3118 OR b3357 OR IHF OR b3119),(b3118 OR b3357 OR (BiomassEcoli > 0) OR b3119),IHFŌåÆ(BiomassEcoli > 0),IHF [P] proxy-signal,1
b4474,frlC,True,(NOT FrlR),(NOT (NOT (fru_e > 0))),FrlRŌåÆ(NOT (fru_e > 0)),FrlR [R] metabolite-sensing,1
b4476,gntU,True,(b3357 AND NOT b3438),(b3357 AND NOT b3438),,,0
b4477,dgoA,True,(b3357 AND NOT DgoR),(b3357 AND NOT (NOT (galctn_DASH_D_e > 0))),DgoRŌåÆ(NOT (galctn_DASH_D_e > 0)),DgoR [R] metabolite-sensing,1
b4478,dgoD,True,(b3357 AND NOT DgoR),(b3357 AND NOT (NOT (galctn_DASH_D_e > 0))),DgoRŌåÆ(NOT (galctn_DASH_D_e > 0)),DgoR [R] metabolite-sensing,1
b4481,wecF,False,TRUE,TRUE,,,0
b4485,ytfR,True,(NOT b0064),(NOT b0064),,,0
b4513,kdpF,True,(b0694),(b0694),,,0
b4515,cydX,False,TRUE,TRUE,,,0
b4544,arnE,True,(BasR),((NOT (fe2_e > 0))),BasRŌåÆ(NOT (fe2_e > 0)),BasR [P] two-component,1
s0001,s0001,False,TRUE,TRUE,,,0
